{"cameraMode":{"drawMode":0,"name":"Shaded","section":"Shading Mode"},"sceneLighting":true,"audioPlay":false,"sceneViewState":{"m_AlwaysRefresh":false,"showFog":true,"showSkybox":true,"showFlares":true,"showImageEffects":true,"showParticleSystems":true,"showVisualEffectGraphs":true,"m_FxEnabled":true},"in2DMode":false,"pivot":{"x":978.1199951171875,"y":549.271484375,"z":253.3157196044922},"rotation":{"x":-0.028405334800481797,"y":0.0024839218240231277,"z":-0.00006878333806525916,"w":-0.9995999336242676},"size":555.2485961914063,"orthographic":false}